geogcode,Geography,Pop 2010,Pop 2020,Change,Change %,Share 65+ (%),Risk score
com113,"Chance Cove, Municipality of",315.0,195.0,-120.0,-38.1,43.6,98.0
com114,"Change Islands, Municipality of",260.0,195.0,-65.0,-25.0,48.7,95.0
com116,"Chapel Arm, Municipality of",480.0,440.0,-40.0,-8.3,28.4,50.0
com118,Charleston,125.0,160.0,35.0,28.0,34.4,44.0
com128,"Colliers, Municipality of",685.0,665.0,-20.0,-2.9,23.3,26.0
com130,"Comfort Cove-Newstead, Municipality of",445.0,350.0,-95.0,-21.3,31.4,74.0
com141,Conception Bay South,24060.0,27910.0,3850.0,16.0,15.6,9.0
com143,Conche,195.0,130.0,-65.0,-33.3,38.5,94.0
com144,"Samiajij Miawpukek, Municipality of",825.0,1075.0,250.0,30.3,8.8,4.0
com145,Cook's Harbour,220.0,155.0,-65.0,-29.5,38.7,93.0
com152,"Cottlesville, Municipality of",275.0,260.0,-15.0,-5.5,28.8,46.0
com155,"Cow Head, Municipality of",480.0,440.0,-40.0,-8.3,28.4,50.0
com161,"Daniel's Harbour, Municipality of",265.0,220.0,-45.0,-17.0,31.8,70.0
com167,"South Dildo, Local Service District of",265.0,235.0,-30.0,-11.3,25.5,45.0
com168,"Dover, Municipality of",680.0,620.0,-60.0,-8.8,20.2,31.0
com175,"Elliston, Municipality of",330.0,330.0,0.0,0.0,27.3,34.0
com188,"Fleur de Lys, Municipality of",300.0,205.0,-95.0,-31.7,34.1,87.0
com190,Fogo,675.0,610.0,-65.0,-9.6,28.7,53.0
com193,"Fox Harbour, Municipality of",280.0,225.0,-55.0,-19.6,26.7,58.0
com195,Frederickton,260.0,260.0,0.0,0.0,36.5,56.0
com197,"Frenchman's Cove, Fortune Bay",150.0,155.0,5.0,3.3,45.2,59.0
com205,"Gander, Municipality of",10485.0,12220.0,1735.0,16.5,19.7,12.0
com206,Gander Bay,350.0,340.0,-10.0,-2.9,29.4,46.0
com210,"Gaultois, Municipality of",190.0,105.0,-85.0,-44.7,33.3,87.0
com228,Grand Le Pierre,270.0,225.0,-45.0,-16.7,26.7,53.0
com232,"Green Island Brook, Local Service District of",195.0,140.0,-55.0,-28.2,42.9,94.0
com233,Green Island Cove-Pines Cove,215.0,200.0,-15.0,-7.0,30.0,52.0
com234,"Green's Harbour, Local Service District of",685.0,695.0,10.0,1.5,25.9,29.0
com235,"Greenspond, Municipality of",320.0,245.0,-75.0,-23.4,26.5,61.0
com237,Hampden,590.0,545.0,-45.0,-7.6,30.3,54.0
com238,"Hant's Harbour, Municipality of",375.0,300.0,-75.0,-20.0,35.0,81.0
com242,"Happy Valley-Goose Bay, Municipality of",7565.0,7450.0,-115.0,-1.5,13.0,17.0
com243,"Harbour Breton, Municipality of",1835.0,1450.0,-385.0,-21.0,20.7,48.0
com248,"Harbour Mille-Little Harbour East, Local Service District of",155.0,120.0,-35.0,-22.6,29.2,71.0
com250,"Hare Bay, Bonavista Bay, Municipality of",1090.0,935.0,-155.0,-14.2,27.8,56.0
com252,"Hawke's Bay, Municipality of",345.0,325.0,-20.0,-5.8,20.0,25.0
com254,"Heart's Content, Municipality of",385.0,270.0,-115.0,-29.9,42.6,95.0
com259,"Hermitage-Sandyville, Municipality of",455.0,435.0,-20.0,-4.4,34.5,58.0
com267,"Hopeall, Local Service District of",190.0,190.0,0.0,0.0,31.6,47.0
com271,"Indian Bay, Municipality of",180.0,160.0,-20.0,-11.1,18.8,34.0
com274,Island Harbour,150.0,125.0,-25.0,-16.7,28.0,60.0
com277,"Jackson's Arm, Municipality of",320.0,260.0,-60.0,-18.8,34.6,78.0
com278,Jackson's Cove-Langdon's Cove-Silverdale,145.0,120.0,-25.0,-17.2,25.0,50.0
com285,"King's Point, Municipality of",715.0,595.0,-120.0,-16.8,26.1,53.0
com289,"La Scie, Municipality of",920.0,840.0,-80.0,-8.7,23.8,36.0
com293,Ladle Cove,120.0,120.0,0.0,0.0,25.0,27.0
com296,"L'Anse au Clair, Municipality of",195.0,195.0,0.0,0.0,28.2,39.0
com299,"Laurenceton, Local Service District of",180.0,215.0,35.0,19.4,27.9,30.0
com30,"Aspen Cove, Local Service District of",230.0,175.0,-55.0,-23.9,34.3,84.0
com301,Leading Tickles West,285.0,235.0,-50.0,-17.5,34.0,75.0
com305,"Little Bay East, Municipality of",130.0,110.0,-20.0,-15.4,31.8,68.0
com309,"Little Burnt Bay, Municipality of",295.0,255.0,-40.0,-13.6,27.5,54.0
com31,"Avondale, Municipality of",705.0,580.0,-125.0,-17.7,25.9,54.0
com312,Little Heart's Ease,190.0,270.0,80.0,42.1,29.6,32.0
com315,"Loon Bay, Local Service District of",155.0,200.0,45.0,29.0,35.0,45.0
com317,Lower Island Cove,270.0,225.0,-45.0,-16.7,33.3,71.0
com319,"Lumsden, Municipality of",535.0,485.0,-50.0,-9.3,27.8,49.0
com320,"Main Brook, Municipality of",260.0,240.0,-20.0,-7.7,37.5,67.0
com321,"Main Point-Davidsville, Local Service District of",350.0,270.0,-80.0,-22.9,27.8,66.0
com323,"Makkovik, Municipality of",325.0,430.0,105.0,32.3,10.5,4.0
com333,"Ming's Bight, Municipality of",345.0,280.0,-65.0,-18.8,19.6,43.0
com334,"Mobile, Local Service District of",245.0,335.0,90.0,36.7,20.9,9.0
com336,"Moreton's Harbour, Local Service District of",160.0,110.0,-50.0,-31.2,27.3,69.0
com341,Mount Moriah,775.0,790.0,15.0,1.9,20.3,18.0
com345,"Mount Pearl, Municipality of",24775.0,22900.0,-1875.0,-7.6,20.7,29.0
com347,"Musgrave Harbour, Municipality of",1065.0,960.0,-105.0,-9.9,24.5,39.0
com348,"Musgravetown, Municipality of",600.0,545.0,-55.0,-9.2,31.2,58.0
com349,"Nain, Municipality of",985.0,1040.0,55.0,5.6,8.7,10.0
com35,"Baine Harbour, Municipality of",140.0,110.0,-30.0,-21.4,36.4,84.0
com353,"New Perlican, Municipality of",205.0,195.0,-10.0,-4.9,33.3,55.0
com357,Noels Pond,125.0,130.0,5.0,4.0,26.9,31.0
com358,"Norman's Cove-Long Cove, Municipality of",780.0,620.0,-160.0,-20.5,33.9,78.0
com359,Norris Arm,860.0,705.0,-155.0,-18.0,29.1,66.0
com36,"Barachois Brook, Local Service District of",160.0,195.0,35.0,21.9,23.1,15.0
com360,"Norris Arm North, Local Service District of",195.0,260.0,65.0,33.3,32.7,39.0
com361,"Norris Point, Municipality of",735.0,655.0,-80.0,-10.9,30.5,60.0
com362,"North Harbour, Placentia Bay, Local Service District of",230.0,150.0,-80.0,-34.8,46.7,98.0
com365,North West Brook-Ivany's Cove,260.0,200.0,-60.0,-23.1,27.5,65.0
com369,"Old Perlican, Municipality of",665.0,615.0,-50.0,-7.5,21.1,30.0
com373,"Pacquet, Municipality of",200.0,150.0,-50.0,-25.0,46.7,94.0
com379,Paradise,15975.0,23960.0,7985.0,50.0,9.6,1.0
com382,Parsons Pond,520.0,420.0,-100.0,-19.2,25.0,52.0
com383,"Pasadena, Municipality of",3370.0,3810.0,440.0,13.1,23.5,18.0
com388,Petty Harbour-Maddox Cove,965.0,895.0,-70.0,-7.3,17.3,25.0
com389,"Pilley's Island, Municipality of",295.0,295.0,0.0,0.0,25.4,29.0
com392,Plate Cove West,210.0,170.0,-40.0,-19.0,23.5,49.0
com394,"Point Leamington, Municipality of",615.0,530.0,-85.0,-13.8,34.0,70.0
com395,"Point of Bay, Municipality of",150.0,140.0,-10.0,-6.7,35.7,62.0
com397,"Pool's Cove, Municipality of",180.0,200.0,20.0,11.1,27.5,31.0
com400,"Port Anson, Municipality of",170.0,105.0,-65.0,-38.2,38.1,95.0
com402,"Port au Choix, Municipality of",890.0,775.0,-115.0,-12.9,26.5,49.0
com403,Port Blandford,490.0,540.0,50.0,10.2,31.5,43.0
com407,"Port Saunders, Municipality of",690.0,575.0,-115.0,-16.7,26.1,52.0
com41,"Bay Bulls, Municipality of",1250.0,1540.0,290.0,23.2,15.9,9.0
com410,Portugal Cove-St. Philip's,6930.0,8710.0,1780.0,25.7,13.7,7.0
com411,"Postville, Municipality of",195.0,155.0,-40.0,-20.5,16.1,44.0
com412,"Pouch Cove, Municipality of",1860.0,2140.0,280.0,15.1,15.2,10.0
com416,"Ramea, Municipality of",530.0,390.0,-140.0,-26.4,35.9,88.0
com418,"Red Bay, Municipality of",185.0,145.0,-40.0,-21.6,37.9,86.0
com419,"Red Harbour, Municipality of",195.0,170.0,-25.0,-12.8,23.5,41.0
com42,"Bay de Verde, Municipality of",445.0,385.0,-60.0,-13.5,31.2,64.0
com420,Red Head Cove,135.0,125.0,-10.0,-7.4,24.0,34.0
com421,"Reef's Harbour-Shoal Cove West-New Ferolle, Local Service District of",235.0,205.0,-30.0,-12.8,34.1,69.0
com425,"River of Ponds, Municipality of",245.0,195.0,-50.0,-20.4,25.6,56.0
com429,"Rocky Harbour, Municipality of",990.0,940.0,-50.0,-5.1,27.1,39.0
com43,"Bay L'Argent, Municipality of",290.0,220.0,-70.0,-24.1,29.5,74.0
com432,Rose Blanche-Harbour le Cou,555.0,410.0,-145.0,-26.1,42.7,93.0
com434,"Rushoon, Municipality of",295.0,210.0,-85.0,-28.8,33.3,84.0
com436,"Salmon Cove, Municipality of",700.0,670.0,-30.0,-4.3,25.4,33.0
com438,"Salvage, Municipality of",140.0,140.0,0.0,0.0,32.1,48.0
com442,"Seal Cove, Fortune Bay, Municipality of",270.0,240.0,-30.0,-11.1,41.7,75.0
com443,"Seal Cove, White Bay, Municipality of",335.0,300.0,-35.0,-10.4,35.0,69.0
com449,"Ship Harbour, Placentia Bay",120.0,130.0,10.0,8.3,26.9,29.0
com451,"Shoe Cove, Local Service District of",165.0,175.0,10.0,6.1,34.3,50.0
com455,"Sop's Arm, Local Service District of",200.0,125.0,-75.0,-37.5,48.0,99.0
com456,South Branch-Coal Brook,260.0,200.0,-60.0,-23.1,42.5,90.0
com46,"Lushes Bight-Beaumont-Beaumont North, Municipality of",230.0,150.0,-80.0,-34.8,36.7,92.0
com466,St. Alban's,1335.0,1325.0,-10.0,-0.7,26.8,34.0
com470,"St. Bernard's-Jacques Fontaine, Municipality of",510.0,390.0,-120.0,-23.5,30.8,75.0
com471,St. Brendan's,120.0,150.0,30.0,25.0,30.0,36.0
com472,"St. Bride's, Municipality of",340.0,175.0,-165.0,-48.5,31.4,84.0
com48,"Belleoram, Municipality of",440.0,335.0,-105.0,-23.9,14.9,46.0
com492,St. John's,103895.0,107915.0,4020.0,3.9,18.5,16.0
com495,"St. Lawrence, Municipality of",1305.0,1050.0,-255.0,-19.5,25.7,55.0
com499,"St. Paul's, Municipality of",275.0,215.0,-60.0,-21.8,27.9,66.0
com501,"St. Vincent's-St. Stephens-Peter's River, Municipality of",350.0,285.0,-65.0,-18.6,36.8,81.0
com502,Stag Harbour,170.0,155.0,-15.0,-8.8,29.0,53.0
com507,Stephenville Crossing,2260.0,1720.0,-540.0,-23.9,28.8,71.0
com511,"Sunnyside, Trinity Bay, Municipality of",470.0,420.0,-50.0,-10.6,27.4,49.0
com513,Swift Current,245.0,220.0,-25.0,-10.2,40.9,73.0
com515,"Terrenceville, Municipality of",540.0,395.0,-145.0,-26.9,21.5,55.0
com529,"Triton, Municipality of",1005.0,925.0,-80.0,-8.0,23.8,35.0
com53,"Birchy Bay, Municipality of",610.0,530.0,-80.0,-13.1,27.4,52.0
com530,"Trout River, Municipality of",590.0,495.0,-95.0,-16.1,23.2,43.0
com533,Upper Island Cove,1670.0,1585.0,-85.0,-5.1,25.9,36.0
com535,"Victoria, Municipality of",1865.0,1680.0,-185.0,-9.9,22.3,35.0
com539,"Wabush, Municipality of",1725.0,1850.0,125.0,7.2,11.1,11.0
com544,Western Bay,430.0,420.0,-10.0,-2.3,32.1,51.0
com545,Westport,265.0,220.0,-45.0,-17.0,29.5,65.0
com547,Whiteway,310.0,350.0,40.0,12.9,28.6,35.0
com55,"Bird Cove, Municipality of",175.0,170.0,-5.0,-2.9,26.5,35.0
com553,Winterton,525.0,455.0,-70.0,-13.3,36.3,73.0
com554,"Witless Bay, Municipality of",1170.0,1755.0,585.0,50.0,15.7,4.0
com556,"Woodstock, Municipality of",200.0,175.0,-25.0,-12.5,37.1,73.0
com558,"York Harbour, Municipality of",365.0,390.0,25.0,6.8,21.8,18.0
com572,Centreville-Wareham-Trinity,1205.0,1085.0,-120.0,-10.0,37.8,71.0
com573,Gambo,2075.0,1940.0,-135.0,-6.5,26.8,39.0
com574,Harbour Main-Chapel's Cove-Lakeview,1120.0,1020.0,-100.0,-8.9,23.5,36.0
com575,Heart's Delight-Islington,710.0,675.0,-35.0,-4.9,33.3,55.0
com578,New-Wes-Valley,2365.0,2085.0,-280.0,-11.8,30.9,62.0
com580,Burnt Point-Gull Island-Northern Bay,660.0,450.0,-210.0,-31.8,33.3,85.0
com581,New Chelsea-New Melbourne-Brownsdale-Sibleys Cove-Lead Cove,510.0,475.0,-35.0,-6.9,33.7,58.0
com584,Long Harbour-Mount Arlington Heights,290.0,295.0,5.0,1.7,32.2,47.0
com585,Bauline,390.0,450.0,60.0,15.4,16.7,11.0
com586,Flatrock,1405.0,1900.0,495.0,35.2,10.8,3.0
com587,Logy Bay-Middle Cove-Outer Cove,1960.0,2560.0,600.0,30.6,17.4,8.0
com588,Torbay,7055.0,8120.0,1065.0,15.1,12.6,9.0
com592,Renews-Cappahayden,350.0,290.0,-60.0,-17.1,37.9,81.0
com593,St. Jacques-Coomb's Cove,610.0,605.0,-5.0,-0.8,24.0,27.0
com595,Summerville-Princeton-Southern Bay,355.0,305.0,-50.0,-14.1,29.5,62.0
com607,Glovertown,2105.0,2060.0,-45.0,-2.1,28.9,43.0
com608,Kippens,1805.0,2100.0,295.0,16.3,25.0,20.0
com61,Bloomfield,580.0,560.0,-20.0,-3.4,27.7,40.0
com613,Deer Lake,4980.0,5110.0,130.0,2.6,25.4,27.0
com615,Reidville,485.0,540.0,55.0,11.3,27.8,32.0
com620,Holyrood,2240.0,3065.0,825.0,36.8,25.3,16.0
com66,"Boyd's Cove, Local Service District of",230.0,195.0,-35.0,-15.2,38.5,78.0
com68,"Brent's Cove, Municipality of",185.0,140.0,-45.0,-24.3,21.4,53.0
com709,Cupids,545.0,740.0,195.0,35.8,25.0,16.0
com71,Brigus,795.0,670.0,-125.0,-15.7,29.1,62.0
com73,Small Point-Broad Cove-Blackhead-Adams Cove,365.0,340.0,-25.0,-6.8,27.9,45.0
com91,Campbellton,585.0,570.0,-15.0,-2.6,30.7,48.0
com95,"Cape Freels North, Local Service District of",135.0,125.0,-10.0,-7.4,24.0,34.0
com97,"Cape Ray, Local Service District of",375.0,335.0,-40.0,-10.7,28.4,54.0
lar49,Marystown and Surrounding Area,6120.0,5580.0,-540.0,-8.8,23.3,34.0
