geogcode,Geography,Geography.Type,year,Gender,Total.Population,Population.Aged.0.to.4,Population.Aged.5.to.9,Population.Aged.10.to.14,Population.Aged.15.to.19,Population.Aged.20.to.24,Population.Aged.25.to.29,Population.Aged.30.to.34,Population.Aged.35.to.39,Population.Aged.40.to.44,Population.Aged.45.to.49,Population.Aged.50.to.54,Population.Aged.55.to.59,Population.Aged.60.to.64,Population.Aged.65.to.69,Population.Aged.70.to.74,Population.Aged.75.to.79,Population.Aged.80.
prov1,Newfoundland and Labrador,Province,2010,Female,262405.0,11805.0,12305.0,13200.0,14685.0,15425.0,15215.0,15880.0,17960.0,19925.0,21690.0,21735.0,21175.0,19015.0,13220.0,9800.0,7710.0,11660.0
prov1,Newfoundland and Labrador,Province,2010,Male,249800.0,12500.0,12765.0,13735.0,15095.0,15240.0,14365.0,14505.0,16765.0,18780.0,20700.0,20785.0,20440.0,18480.0,12960.0,9265.0,6645.0,6775.0
prov1,Newfoundland and Labrador,Province,2010,Total,512205.0,24305.0,25070.0,26935.0,29780.0,30665.0,29580.0,30390.0,34725.0,38705.0,42390.0,42520.0,41615.0,37495.0,26180.0,19065.0,14355.0,18435.0
prov1,Newfoundland and Labrador,Province,2011,Total,514535.0,24495.0,25100.0,27030.0,29585.0,30050.0,28310.0,29280.0,33375.0,38020.0,42225.0,43185.0,42645.0,39135.0,28740.0,20115.0,14620.0,18630.0
prov1,Newfoundland and Labrador,Province,2011,Female,263970.0,11875.0,12260.0,13235.0,14410.0,14975.0,14705.0,15440.0,17480.0,19635.0,21675.0,22110.0,21695.0,19895.0,14645.0,10345.0,7870.0,11725.0
prov1,Newfoundland and Labrador,Province,2011,Male,250565.0,12615.0,12845.0,13800.0,15180.0,15075.0,13605.0,13840.0,15895.0,18385.0,20550.0,21075.0,20950.0,19235.0,14095.0,9770.0,6750.0,6910.0
prov1,Newfoundland and Labrador,Province,2012,Total,516020.0,24210.0,24920.0,26160.0,28115.0,30190.0,29540.0,30205.0,33145.0,37675.0,41405.0,42710.0,42275.0,38960.0,30910.0,20495.0,15085.0,20015.0
prov1,Newfoundland and Labrador,Province,2012,Female,264140.0,11810.0,12155.0,12740.0,13835.0,15135.0,15265.0,15785.0,17180.0,19280.0,21295.0,21785.0,21475.0,19730.0,15720.0,10430.0,8080.0,12440.0
prov1,Newfoundland and Labrador,Province,2012,Male,251885.0,12400.0,12765.0,13420.0,14280.0,15055.0,14275.0,14420.0,15970.0,18395.0,20115.0,20920.0,20800.0,19235.0,15190.0,10065.0,7005.0,7575.0
prov1,Newfoundland and Labrador,Province,2013,Total,516945.0,23885.0,24910.0,25245.0,27310.0,30640.0,30685.0,31075.0,32780.0,36580.0,40320.0,41845.0,41680.0,38790.0,32105.0,21500.0,15540.0,22045.0
prov1,Newfoundland and Labrador,Province,2013,Female,263205.0,11680.0,12080.0,12380.0,13420.0,15220.0,15695.0,15915.0,16790.0,18665.0,20455.0,21175.0,21235.0,19680.0,16175.0,10965.0,8190.0,13485.0
prov1,Newfoundland and Labrador,Province,2013,Male,253735.0,12205.0,12830.0,12865.0,13890.0,15420.0,14995.0,15160.0,15990.0,17915.0,19865.0,20670.0,20445.0,19110.0,15935.0,10535.0,7350.0,8560.0
prov1,Newfoundland and Labrador,Province,2014,Total,518135.0,22825.0,25345.0,25085.0,26835.0,29765.0,30375.0,31345.0,32550.0,36120.0,39720.0,42005.0,41720.0,39590.0,33555.0,22470.0,16060.0,22780.0
prov1,Newfoundland and Labrador,Province,2014,Female,262825.0,11085.0,12290.0,12245.0,13210.0,14705.0,15370.0,16115.0,16540.0,18305.0,20065.0,21100.0,21140.0,19970.0,17035.0,11350.0,8485.0,13820.0
prov1,Newfoundland and Labrador,Province,2014,Male,255310.0,11740.0,13055.0,12835.0,13630.0,15060.0,15010.0,15230.0,16005.0,17815.0,19655.0,20905.0,20575.0,19620.0,16520.0,11120.0,7570.0,8965.0
prov1,Newfoundland and Labrador,Province,2015,Total,518265.0,19690.0,25700.0,24675.0,26380.0,28145.0,30195.0,31365.0,31915.0,35230.0,38520.0,41930.0,41960.0,40380.0,35985.0,24950.0,16960.0,24275.0
prov1,Newfoundland and Labrador,Province,2015,Female,262950.0,9645.0,12410.0,12095.0,12865.0,13945.0,15285.0,16015.0,16430.0,17840.0,19410.0,21150.0,21235.0,20455.0,18195.0,12715.0,8765.0,14495.0
prov1,Newfoundland and Labrador,Province,2015,Male,255315.0,10045.0,13290.0,12575.0,13510.0,14200.0,14910.0,15350.0,15485.0,17385.0,19110.0,20785.0,20725.0,19930.0,17795.0,12240.0,8195.0,9780.0
prov1,Newfoundland and Labrador,Province,2016,Total,519715.0,22365.0,26045.0,26035.0,27255.0,27700.0,28245.0,29400.0,30740.0,34510.0,38665.0,42620.0,43080.0,42025.0,37490.0,26165.0,16950.0,20420.0
prov1,Newfoundland and Labrador,Province,2016,Female,265790.0,10930.0,12610.0,12700.0,13275.0,13785.0,14150.0,15220.0,16185.0,17760.0,19920.0,21890.0,22045.0,21460.0,19180.0,13445.0,8935.0,12300.0
prov1,Newfoundland and Labrador,Province,2016,Male,253925.0,11430.0,13430.0,13335.0,13980.0,13920.0,14095.0,14185.0,14555.0,16745.0,18740.0,20730.0,21035.0,20570.0,18305.0,12725.0,8015.0,8125.0
prov1,Newfoundland and Labrador,Province,2017,Total,518560.0,28170.0,26060.0,26040.0,27400.0,28600.0,29570.0,30270.0,31040.0,34455.0,38230.0,42000.0,42240.0,40830.0,36110.0,24775.0,15635.0,17140.0
prov1,Newfoundland and Labrador,Province,2017,Female,264120.0,13745.0,12595.0,12670.0,13315.0,14095.0,14615.0,15490.0,16265.0,17620.0,19665.0,21525.0,21590.0,20850.0,18520.0,12805.0,8315.0,10435.0
prov1,Newfoundland and Labrador,Province,2017,Male,254425.0,14415.0,13455.0,13365.0,14080.0,14510.0,14955.0,14785.0,14770.0,16825.0,18560.0,20475.0,20645.0,19980.0,17580.0,11980.0,7325.0,6715.0
prov1,Newfoundland and Labrador,Province,2018,Total,515920.0,24695.0,25500.0,26615.0,26920.0,27840.0,29000.0,29835.0,31000.0,33560.0,37330.0,41095.0,42395.0,41410.0,37225.0,27620.0,17190.0,16695.0
prov1,Newfoundland and Labrador,Province,2018,Female,262160.0,11995.0,12365.0,12860.0,13105.0,13600.0,14145.0,15200.0,16125.0,17180.0,19140.0,21065.0,21625.0,21165.0,19125.0,14210.0,9195.0,10055.0
prov1,Newfoundland and Labrador,Province,2018,Male,253735.0,12690.0,13125.0,13750.0,13815.0,14245.0,14860.0,14635.0,14865.0,16375.0,18185.0,20025.0,20765.0,20245.0,18090.0,13415.0,8000.0,6645.0
prov1,Newfoundland and Labrador,Province,2019,Total,513875.0,22725.0,24225.0,26605.0,26660.0,26045.0,26325.0,27425.0,29960.0,32875.0,36985.0,41145.0,43455.0,42645.0,39190.0,30020.0,18725.0,18865.0
prov1,Newfoundland and Labrador,Province,2019,Female,262320.0,11070.0,11715.0,12895.0,12935.0,12885.0,12970.0,13950.0,15780.0,16940.0,19005.0,21170.0,22215.0,21820.0,20130.0,15635.0,9920.0,11280.0
prov1,Newfoundland and Labrador,Province,2019,Male,251545.0,11650.0,12500.0,13705.0,13720.0,13165.0,13360.0,13475.0,14180.0,15935.0,17975.0,19970.0,21235.0,20830.0,19055.0,14395.0,8805.0,7590.0
prov1,Newfoundland and Labrador,Province,2020,Total,512525.0,21585.0,23475.0,26820.0,26240.0,25885.0,25395.0,27245.0,29810.0,32335.0,36390.0,40170.0,43570.0,42820.0,39885.0,31655.0,19830.0,19415.0
prov1,Newfoundland and Labrador,Province,2020,Female,261670.0,10510.0,11405.0,12970.0,12795.0,12745.0,12470.0,13825.0,15585.0,16795.0,18680.0,20630.0,22330.0,21835.0,20535.0,16465.0,10575.0,11510.0
prov1,Newfoundland and Labrador,Province,2020,Male,250850.0,11065.0,12060.0,13850.0,13445.0,13145.0,12930.0,13420.0,14220.0,15540.0,17700.0,19535.0,21240.0,20985.0,19345.0,15200.0,9260.0,7905.0
